Annual Income,Spending Score,Age,Savings Score,Income_Spending_Ratio,Cluster
-9.614681393718469,7.664355360249679,56,8.274842003530614,-1.254465430834479,0
-6.219564672321808,-8.042122939112309,69,87.66614859257928,0.7733744501489587,3
3.4541671530601334,2.6803722196447257,46,55.158787254407,1.2886845494438364,2
3.5833633004139624,-0.1395222606046076,32,16.483426113700094,-25.68493467803228,0
5.479564508124661,3.594340772272665,60,41.12551165853691,1.524493533128376,2
-7.707308465372922,3.8019973971870678,25,77.76022837352255,-2.027168193064329,1
-2.2851051412423335,9.026878528980117,38,48.03700818663547,-0.2531442737889344,0
-2.2325068237227312,9.841469377234345,56,98.52860506655044,-0.22684666991093272,1
-6.14340562387477,-8.107460671514033,36,37.673896993794074,0.7577481347447426,3
-10.13025611488508,5.725138902198196,40,74.9578299976072,-1.7694310292952422,1
5.391254617664672,0.5068368167429054,28,39.29894489788591,10.636852081482738,2
-7.466954522173136,-5.62711654079306,28,82.91642207065144,1.3269616397063588,3
-2.9841429342137062,8.360956895624609,41,56.908146916574765,-0.35691361674632904,1
-7.630302432962705,-6.405145353151056,53,6.351182959000134,1.1912788742565632,3
-1.9223405292524798,11.2047417540083,57,3.682186763599138,-0.17156475854672967,0
-10.445676892575472,10.601756526386838,41,13.38521188006332,-0.9852770164837272,0
-8.796740341285194,5.867517033040434,20,1.3671964826997285,-1.4992245100448904,0
5.597767524394162,-0.5191104094627077,39,7.5359060352462315,-10.783592966509318,2
-2.623737468305368,10.252102440171782,19,69.1714397168912,-0.2559216438189401,1
-13.946170026439919,9.19216273797725,41,53.434627502946306,-1.5171788459568039,1
-5.200400667248068,-5.7705491737806245,61,74.99107494699719,0.9011983994280685,3
-6.910292076341005,-5.4728347701647095,47,91.31657522576428,1.2626554597568511,3
-8.704346322186266,8.355401350906902,55,58.51495323254719,-1.0417615550719104,1
-11.213524594695036,7.943164335952758,19,72.61208440718481,-1.4117183030894676,1
-1.883530275287744,8.157128571782039,38,75.70812020424559,-0.2309057592577174,1
-5.107778771480195,-5.223999968299005,50,37.78505492757864,0.9777543223620221,3
5.189776205373374,0.5633500044496991,29,24.108483232963184,9.212184330413814,2
-1.636876986332072,9.197628133936673,39,20.50453285065249,-0.17796710008545136,0
-7.11738077991652,6.1573680383608265,61,25.144243951179845,-1.1559109633312783,0
2.0848051771953693,1.889848135595804,42,27.473179702590876,1.1031543256754062,2
-4.103625281847117,8.414911105244549,66,20.722764900805647,-0.48766057703019433,0
-6.3829897716894255,4.904240878116292,44,87.82206674791922,-1.3015218695624953,1
-1.5458214938084285,9.42706705513482,59,75.69991321722287,-0.163976753851443,1
-7.601268363892727,-6.496371272304902,45,4.689646779121992,1.1700809184209369,3
5.045564074897859,1.8978125197670266,33,26.867248202530735,2.658606915212095,2
5.701506739411315,1.1294695200993305,32,2.218474203030163,5.0479062594334625,2
-1.2315327272643253,8.422714739362492,64,49.816518664589296,-0.14621547840794555,0
-7.172615153500049,-5.723204991329918,68,47.62106967890142,1.2532536746285703,3
-5.022620949555196,-4.72505638556132,61,83.13714900625013,1.0629781254430002,3
2.617600703069532,3.0880658249748043,69,30.77772397710494,0.8476478077059163,2
-4.9841406162744155,-7.507541625859869,20,81.63857352130623,0.6638853973130697,3
4.293477040915084,3.0174792311608596,54,96.79737654398231,1.4228640806990844,2
-3.282022837590322,8.777467521458313,68,8.840822336564658,-0.3739141261902131,0
-3.2245013323127183,9.693883877132997,24,79.1817839469633,-0.33263220880919897,1
-2.3360166972015683,9.399603507927159,38,58.99558971376361,-0.24852263289671325,1
-2.4115215245039185,8.241276344342856,26,48.00459670184751,-0.2926146991797321,1
-6.846232385024377,5.809932738359782,56,42.05357786650751,-1.1783648640497881,0
-2.4121200737047097,9.98293111873121,35,78.46682639443095,-0.24162419120942186,1
-11.643538300235397,10.822676401872581,21,63.936135697424234,-1.0758454849269947,1
-7.4142302168321965,-5.136048220734706,42,80.50446675193619,1.4435699070346086,3
-4.811553261582764,7.596593577664178,31,90.31510586766262,-0.6333821703859703,1
6.227515566502483,-0.6649395456939393,67,61.7263712097292,-9.36567732150219,2
-7.614973619732534,-7.345351465199127,26,98.04627250923778,1.036707912873877,3
-3.99552848886534,-6.949252149716249,43,60.808784954188525,0.5749588808081015,3
-7.512565219301185,9.670470630469353,19,63.66443216222826,-0.7768554125046178,1
-2.147802017544336,10.55232269466429,37,55.481560854222565,-0.2035381256156145,1
-6.93898364273419,-6.070326202676022,45,9.100209105133029,1.143100855219902,3
5.588490444811383,3.432001358380827,64,72.63970326502283,1.6283426426210754,2
-9.256374271208061,5.622482007080103,24,54.744630689911155,-1.646311681644368,1
-8.437189362174125,9.620797614356134,61,45.09104474161044,-0.8769730879540906,0
-11.12170598490302,6.936203996939267,25,91.0471278403273,-1.6034260173937367,1
-6.096839737055166,-8.771780181657046,64,29.795945154195046,0.6950523794848706,3
-8.176567292207096,8.990580838716552,52,52.36022760150112,-0.9094582813173977,1
5.4163673669317856,0.8845539642105336,31,69.76418714934634,6.123205993097233,2
-10.474725523480625,7.316774000676799,34,79.64717756738773,-1.4316023983367172,1
-2.2951038789225464,7.768547349486333,53,45.93468079461724,-0.2954350178124516,0
-2.4393955380627315,8.628972531336562,67,84.20914150187096,-0.28269793445564995,1
-5.498518747933198,8.112865975144665,57,76.89177413153975,-0.6777521023098287,1
-1.686652710949561,7.793442478227299,21,6.623597785186586,-0.2164191949154231,0
4.660772774097521,1.9369820532757271,19,4.586126640463295,2.406190963052995,2
-9.038635909595916,6.916175415144771,23,62.08056844220913,-1.306881664826899,1
-2.151410262704467,9.575070654566556,59,34.741340822541424,-0.22468847420918742,0
5.944287716386592,4.006626472148159,21,20.913079107851416,1.4836104442486548,2
-9.106362089981845,7.352899304957098,46,57.96499344717384,-1.2384706124203961,1
6.043396425949293,3.8805023264319702,35,34.1563210456545,1.5573707586972254,2
-10.049558836109739,10.975542342592576,43,53.726341671407006,-0.9156312614091088,1
-3.6601912004750528,9.389984146543993,61,46.0119158983572,-0.3897969629536131,0
-12.510738502842603,8.33950556932379,51,58.47661059491537,-1.5001756875258208,1
-3.6155325970587784,7.818079504117651,27,40.03004889102814,-0.4624573043266569,0
4.540759138257126,0.156645384297047,53,69.76675736969318,28.985656373272327,2
-8.48544464608156,6.589467237332059,31,18.006727234929855,-1.2877265282909056,0
-6.51646463286443,-7.785240613299176,48,69.6501466227079,0.837029107619835,3
-3.5220287433871738,9.328533460793595,65,41.166121435752814,-0.3775539834476527,0
4.580546105443119,2.995420729999669,32,87.43176048544171,1.52917777719521,2
-7.565041978890626,-6.193010255648557,25,51.52360548642109,1.2215471769100361,3
5.129078369591278,0.09649931936277767,31,97.31103492701043,53.145938687134645,2
-2.7617657744459105,7.766502946233472,40,60.19353955409602,-0.3555991979367375,1
-7.30616719986663,9.777389363267318,57,22.38490659063206,-0.7472505651467146,0
-2.496195731174843,10.467820205355638,38,82.17906368444491,-0.2384635289458286,1
-1.7707310430573397,9.185654409388292,33,34.508262782238674,-0.19277114470321255,0
-2.503953923334567,9.061266721963063,62,34.76192144826835,-0.2763356644064726,0
-8.061170547574083,12.309521950364285,35,3.180468148516513,-0.6548722226059556,0
-5.643287046313059,-6.5935626024441305,64,54.87153092074087,0.8558795821574514,3
-6.978208605222353,-5.5393545953701935,41,53.4423503732523,1.259753475357855,3
-10.927946144678078,3.3908097367466996,43,35.599148427198614,-3.222803626583472,0
-6.699124504978978,-6.442156390316476,42,89.42172628959257,1.039890138952567,3
4.266432613509491,3.430526110372265,62,12.87483982996439,1.243663519707571,2
-4.199668676672622,8.110158594287446,58,33.00995133101554,-0.5178275430218232,0
-3.4838792932800717,9.801370731940773,46,32.1582764680029,-0.3554478076672192,0
-8.774319458504477,5.8166871748063365,32,9.229058622874609,-1.5084710781418003,0
-8.710257396260957,-7.7103992771334395,62,48.11453940562932,1.1296780335193721,3
4.78887729437194,3.1002503689984158,18,68.7784717096083,1.5446693904354416,2
-2.9592630945319938,9.63713606054582,42,51.165701354726124,-0.3070684075908246,1
-8.065936519732372,-8.204416773934872,24,15.697768271619372,0.9831224538204985,3
-10.968555082786756,6.713073506789367,26,37.72859652420726,-1.6339071414341204,0
-8.105106571708125,-6.0300818565167225,41,0.25950243836465603,1.3441144259249422,3
-8.511454560327174,-5.984605314043282,18,86.83011070355869,1.4222272540892504,3
5.505487026998911,1.668601604876243,61,8.451700768068193,3.2994418898382523,2
2.974015068029358,4.601575349076166,25,59.72780822554306,0.6463022724606063,2
-11.022953285981169,6.690706016109099,41,98.62569958668152,-1.6474997981443886,1
-13.564192627719688,5.304061506078828,28,53.65906459873325,-2.5573170746612672,1
-3.186119623358709,9.62596241703919,68,92.40417591074332,-0.330991975181528,1
-6.919379558599827,-4.726640157054602,34,23.611653311740433,1.4639138939763452,3
-2.9811294888421838,10.103236725165688,25,75.99554089375856,-0.2950664840656254,1
-5.599617563644285,-5.476954884741139,52,53.126575397353406,1.022398012301514,3
-2.6704833347187593,9.41833698501286,52,72.05160613914649,-0.28354055536159595,1
-2.5226948477906843,7.956575199242421,50,6.234136251124145,-0.31705747938586526,0
-6.820995106760425,-6.831399563831288,22,14.77390919062267,0.9984784271232465,3
4.7559312976995285,0.6812433819483366,59,13.311692858747826,6.981148899544397,2
-5.019026599774378,-8.078134442162495,56,68.71655054033312,0.6213108792405277,3
-2.2516472323299856,8.939840212432154,58,84.44406726336288,-0.25186632648483803,1
-8.433244962016357,-5.487117448421723,45,74.96162320085874,1.5369199603412251,3
5.5725937795538965,-0.38216739589495274,24,3.047215273359416,-14.581933620579958,2
-7.0111585041695115,5.717165014138013,26,86.72149810747233,-1.2263326707388884,1
-3.053580347577933,9.125208717908187,25,35.414667079312544,-0.3346309214030454,0
-3.189222344631241,9.246539825359324,29,39.71638325040825,-0.3449094424262519,0
-6.532624818461889,-3.9337494253828735,51,10.486916653248091,1.6606653649475178,3
-2.147561598005116,8.369166373593197,50,73.7405206093819,-0.25660369696368207,1
-5.069155144766793,10.410009972043081,65,18.228387847595805,-0.486949608010398,0
4.583426782590829,3.6281225069655143,40,56.39650920188364,1.263301925657699,2
-7.761735598536744,9.468537590118308,41,84.07099858779311,-0.8197387745758549,1
-8.888381674126299,8.959055513899278,54,8.92043287120562,-0.9921103557437638,0
5.138349854197489,0.8504398791059016,52,53.53355640155235,6.041919671503228,2
3.2550289670617447,-0.05435722448376845,61,23.32164115498012,-59.893195981588796,0
-7.459450945910519,-4.991325477327907,57,34.29268642782603,1.4944859686376555,3
-6.732870187512529,-6.2281519584322815,39,47.396994143055615,1.0810399365410892,3
-2.530099217016898,9.131613511507103,44,35.51043032793048,-0.27707003183263357,0
-10.509021863155525,11.61382117104548,52,64.8822840291576,-0.9048712443276804,1
9.258200048910957,3.652532051092597,18,47.95821017542502,2.5347278469091195,2
-4.4279688383517914,8.987772252749105,52,58.41994847141693,-0.4926653443342381,1
4.906430337627982,-0.02984685412442012,54,73.68224753949129,-164.4419454265552,0
-2.1779341916491863,9.98983125532068,64,55.77422659504374,-0.2180148949303072,0
-2.7015585878338726,9.315833470531935,31,58.65354346607591,-0.2899961336168322,1
-6.181939472937895,8.435982934300023,20,56.44585425226413,-0.7328051980464161,1
-7.570773994771813,8.1511211104017,18,37.87726259512893,-0.9288004195038294,1
-0.35601516554119383,8.246938565310272,22,33.74468338719181,-0.04316932047311728,0
-5.620163932768068,-7.522391847148628,43,89.96473971450123,0.747125584285302,3
-1.8190536313416377,8.613065656312486,31,60.75552222935728,-0.21119675525065906,1
7.029658776187197,1.2063461692939543,56,24.435315546465453,5.827183509412029,2
5.561128886293239,3.1094312490116898,44,49.824769784894016,1.7884656569924895,2
3.1760689567621023,3.553632378852491,26,33.0348481280914,0.8937503041000116,2
-3.327418306286223,11.106673403883782,32,93.36918237598746,-0.2995870310954116,1
-3.0985623799969617,9.863888225219346,32,0.753436313407474,-0.3141316251697293,0
-8.51717979453628,7.329614955805532,43,22.533279771252822,-1.1620212283563198,0
-2.004210344072293,9.880041322368443,59,36.535681967405765,-0.20285424424210827,0
6.19618875261495,1.2081450856586113,30,48.78098008087379,5.128636899489747,2
-7.9644514171433105,9.704815465071386,68,85.08175178361462,-0.8206692068608703,1
-6.753176583776118,-8.480940187177792,49,8.788762454014387,0.7962778179669675,3
-7.539993375765774,-7.6860576348016085,56,80.58648867411435,0.9809974819340805,3
-3.7700815773877956,9.932148075253098,66,5.565348935697534,-0.37958332406944945,0
-11.17855380875473,3.7195620403386638,69,84.23140352981817,-3.0053333253190417,1
-3.4997339481834384,8.44798839859555,49,5.163547787451284,-0.4142678280769155,0
4.811220309221161,2.1986223261335485,21,1.8242481428361046,2.1882787094657314,2
4.471386761691857,1.6417152846408976,47,69.69614623664215,2.723590117983658,2
-4.919509352389955,-8.255724064898372,54,99.72555347683944,0.5958914412148447,3
-2.9726153158652124,8.548556374628065,40,89.66102629740207,-0.3477326121825364,1
-5.811428270151748,8.585146284608259,56,57.599841780565995,-0.6769158390943519,1
-9.265213498496426,10.304975189198608,62,91.73956130855316,-0.8991001275972681,1
-9.428227113220066,9.819007060846172,32,0.5300006397605417,-0.9602007059154221,0
-6.10504617378198,-4.284203925309395,60,97.50671629451425,1.4250162994993478,3
-5.936667000770272,-6.369560519133989,46,49.07487792587845,0.9320386082089552,3
-9.483687434320283,6.821856882588609,53,72.28960966217757,-1.3901894595049071,1
-8.356821397658873,12.526889143859492,30,82.08614731533525,-0.6671101364901839,1
-6.883950238059952,-8.270147220306997,49,71.84572708365536,0.8323864592181955,3
-2.5450236621627016,10.578929784012328,24,53.50367320449105,-0.2405745485014414,1
-2.4416694183648264,7.589537941984865,68,47.661948412641195,-0.3217147367707735,0
5.047247092021162,0.05804682021026775,39,83.85825587026248,86.9363336424774,2
7.413312978646119,3.663017228262368,45,20.50775601494591,2.023821423288403,2
-7.6449151722528494,-7.517305939278128,19,96.79940665042342,1.0169767472247442,3
4.74722819205719,1.256683513793057,59,71.09524788367483,3.7775544633223346,2
3.590290574239223,2.294139550042065,62,19.950692733831975,1.564976692200991,2
-6.63611956612971,-8.699002531272624,23,73.62471836984882,0.7628607039577346,3
-3.436128094630833,8.954760772136522,45,52.98400231811166,-0.38372038571022027,1
-1.0679243339866347,7.578423977018883,45,70.72300956444445,-0.1409162285011715,1
-4.9431736682808936,-6.335868431459171,61,76.77795014428388,0.7801900439783757,3
-2.6609827180883334,9.602603334682899,61,8.729017958967544,-0.2771102641899936,0
-5.953588738373257,-10.298360738032038,37,50.6103956359347,0.5781108926875563,3
-7.545866623183108,-4.622721109947239,47,93.20143422569342,1.6323465697317243,3
-7.1884790360592845,-8.882410481929053,28,32.064219215951425,0.809294632761043,3
5.706318788533339,2.639564651169792,45,59.388309755789884,2.16183269755392,2
-1.4781981005567992,9.94556624731452,42,36.923048150989615,-0.14862870323435895,0
-2.422150554814579,8.715278777732454,56,45.426797221909965,-0.2779197128846917,0
-7.646381288378673,-8.467817345364944,50,54.86031179381532,0.9029942435528013,3
-11.8896403857762,9.848691122353067,18,54.89219798889773,-1.2072292821223831,1
-8.979325312754193,8.296526203151107,44,20.173046233023584,-1.0822980931902348,0
6.966606799511886,2.1466816353800198,69,68.45715478798333,3.2452759794159336,2
-3.746148333930832,7.693829515114045,30,8.78681112426568,-0.48690232316020743,0
3.6700195098643116,0.35084767851913945,58,13.882477344202037,10.460137356418466,2
-6.493998532610942,-6.373804688193605,20,0.27108994143296705,1.0188590706631946,3
5.775361761196129,0.5899216976742938,56,11.669606414168133,9.789882089680075,2
-7.918383470757777,5.9680921759944905,23,47.31662010518922,-1.326784166431987,1
-4.806575387030417,-6.356521189667108,25,60.61018810558386,0.7561656455264005,3
2.1985651794033574,2.045297103932805,44,79.42894499664625,1.0749315714866783,2
-10.185309005123747,7.881511239946307,26,10.669925011343606,-1.2923024242453396,0
-1.3663748085377296,9.766219160885095,54,85.07274600164547,-0.13990812482777107,1
5.529530723180677,1.5088500249697465,50,74.59745255487181,3.6647075485292597,2
4.723466204661143,3.614456961647155,68,40.85182929359169,1.3068223488501896,2
3.853098436808441,2.707231525782609,59,93.29380670999547,1.4232562555328667,2
-5.501108350704746,-8.967766127809666,61,99.09294764573906,0.613431974766286,3
-2.2642310519440274,8.50734295282719,41,20.500181005323725,-0.2661498899245236,0
-4.373577545414397,-7.047617147062155,32,37.922858496380044,0.6205762401551502,3
-7.103873164144901,-7.407786863204956,49,92.64494235897112,0.9589750468093106,3
-11.572085153466853,6.873992111713336,49,72.15965507512772,-1.6834567353053267,1
5.874634712170973,2.083146634723338,41,4.809464396408769,2.8200638464957186,2
3.570610162212355,2.1328150254785774,58,78.1514481751415,1.6741224055222992,2
-7.4408686327255396,-6.464304935199087,69,82.79408871774919,1.151071958707957,3
-10.49350819793345,7.495810681591452,66,75.05019247653135,-1.399914518193297,1
-2.3956802778015023,9.676416802719368,66,79.95371309195156,-0.24757902133132903,1
-2.4489674131117236,11.477528240683608,69,82.51326766927973,-0.21337044249010162,1
1.5169847244025183,4.51785423637579,29,18.64049867881441,0.335774747764319,2
-3.9572819645500745,7.606822353821766,56,23.569174606499978,-0.5202273141410679,0
-6.165921981152927,-5.856010922739578,19,63.37585637201772,1.052923669668474,3
-6.396260365585304,8.487718322435935,20,90.7866130462516,-0.753589196378709,1
-2.1655793334842888,7.251245972835587,66,31.61965822964946,-0.29864886050043055,0
3.779385825907747,1.1528812720801438,54,58.83066757950567,3.278180620700389,2
-2.4636257831489363,8.362685780592505,66,68.29820634171324,-0.29459708302032556,1
7.731000723551082,4.606180947605539,34,45.19486012990392,1.678393451658779,2
-7.298009752440701,-7.299218838458061,66,71.3782454855326,0.9998357238374874,3
-4.633093347362557,8.488531106517561,19,89.96674452921731,-0.545805608905544,1
-7.249798397392356,4.814944069160204,19,62.41015441818376,-1.5056838119863567,1
-3.110904235282147,10.86656431270726,45,53.978106191463304,-0.28628196391610633,1
-8.850469579715798,9.000504464401986,40,43.874467538833905,-0.9833292990884429,0
-0.3193946898350779,8.20598784284317,54,57.74862709061257,-0.03892210258300723,1
5.10158148956619,-0.5920829050442062,49,35.53624518183959,-8.616475177470395,2
-2.728869510890262,9.371398699710069,50,39.14821102015019,-0.2911909616080118,0
-6.437499940747159,6.009734357555912,18,53.185747968817395,-1.0711770015064686,1
-6.610285008879304,-5.6235916301413615,36,6.661911239081697,1.1754581765914793,3
1.8336909546893176,1.445899457878769,19,22.902539092479635,1.2681921020002498,2
-3.393055059253883,9.168011234143849,61,54.28493106134089,-0.37009677144042324,0
-7.108446072067286,-6.619190145460279,43,43.152814313644264,1.0739163938516716,3
-9.184219876482857,10.74693987578339,49,33.281578591248426,-0.8545885095433536,0
-8.617243871650762,-9.518676741220045,23,73.05491368093014,0.9052994611455697,3
-8.780310579334138,-5.96761200590279,49,69.37176074033384,1.471329785506672,3
2.421999467558339,3.6888007487511256,21,16.673075999338316,0.6565800287744025,2
6.183612292216567,2.6820659075602964,28,87.86291153734382,2.3055321718472097,2
-8.75070481267779,7.029518912241726,34,49.54236264039656,-1.2448493948774697,1
-8.571245947071446,7.018583242737615,55,74.14609111390455,-1.2212199297829969,1
5.890762068051457,2.661939802783387,41,57.315084925738866,2.2129500946606733,2
-2.521444395899665,8.11703175671249,22,99.76926159238432,-0.31063587837459683,1
4.250491809182694,-0.2815447457364275,69,75.24031200388227,-15.097574539385628,2
-3.490706274100701,9.476389602461593,51,70.69804612434591,-0.36835785958139144,1
-2.267235351486716,7.101005883540523,23,77.8571939050751,-0.3192832389999227,1
-6.934330410777868,-6.588102254088716,39,14.312798554846962,1.052555146973582,3
-5.870854932364801,-7.663258368438815,28,20.454459316946327,0.7661052663442295,3
-8.454229523655947,6.705289987093701,65,71.40640822236142,-1.2608279331168732,1
5.210175612737046,2.8890483018664668,33,49.398148713086265,1.8034165698113567,2
-8.381474500179802,-5.147592068388035,50,75.46352918601166,1.6282352352673533,3
-7.422110403258829,9.236927549087872,26,10.291603074414502,-0.8035250172273545,0
-6.638308335093309,-5.619324318066813,23,53.648135148459474,1.1813377859555392,3
7.170591288836949,3.2956293193649078,33,37.88215655569157,2.175781568906263,2
5.621427320759188,1.8897926775750493,46,45.700021928167835,2.9746107291860078,2
-1.5587737848667,8.43738247253592,20,60.39578720725125,-0.18474591408904786,1
-9.291285540439064,8.058253929131059,37,50.228834746253014,-1.153013306855161,1
7.082802154585039,-0.09698250338160497,53,53.98606371128367,-73.0392833802886,0
-7.550333407877176,-6.427455343198521,36,48.63574819956078,1.1747020790875937,3
-9.895561120135524,8.49625095300889,43,40.89551770854932,-1.1646959968468344,0
7.586966535602685,2.026065011898325,20,77.18819805982451,3.7446622119356276,2
-4.663662795894071,-8.16421131286733,36,1.2203072318044517,0.5712331944269704,3
-5.585210191033715,-6.926319756676795,37,59.8442701205227,0.8063760338829356,3
-5.218499808938648,-6.203418649213115,49,56.55083473229738,0.8412310237857052,3
5.504714280811751,2.440044915756036,24,71.61790747329522,2.2559796688453417,2
-6.83402301734943,-6.736072001214033,69,59.90293647773265,1.0145427723375677,3
-5.372719840463045,-7.9536383559393515,58,82.67988278090783,0.6755055177365661,3
5.885382561044469,0.6890439450774313,50,95.90747945640278,8.541250802044402,2
-3.837383671951181,9.211147364067445,57,34.25242571785434,-0.416601684270507,0
-2.2493148288043265,9.796108999975631,56,22.7350983029987,-0.22961285268277384,0
-3.109836312971555,8.722592378405045,35,42.35968624204829,-0.35652620377041633,0
-2.2130773459881743,9.275341400378212,57,28.79296164757261,-0.23859768222883004,0
-3.9877196134201776,8.294441919803614,18,61.49502631526544,-0.4807695134019891,1
-1.0580540152577085,9.973556954283529,28,91.18524088429648,-0.1060858186552091,1
-7.091963864144129,-7.838066286722091,45,13.911619414306188,0.9048115508124297,3
-8.556555262813603,3.786644184373,42,10.07946030158865,-2.2596611272625124,0
-1.7619040179294885,9.624656393631787,67,25.60155318536622,-0.18306130788026712,0
3.0840096047384167,1.6876616668153197,40,72.60955860624007,1.8273753511297743,2
-0.37616424839648355,7.062198328675819,48,59.296290525882156,-0.05326439420784054,1
-7.080168887531495,-6.7040531695559595,47,10.221266422519959,1.0561043102591547,3
-5.482926128483129,6.216346432082714,59,91.87505222607464,-0.882016047243633,1
6.149318050049763,1.107831879656009,52,79.00846371240867,5.550718169238339,2
-6.061357403599697,-4.664060802392706,24,2.3022604787637513,1.2995907764319714,3
-2.035959998479205,8.94145721554145,33,65.13672109882461,-0.2276986482643965,1
1.8785674892306332,0.053804233837179805,43,77.1246668519738,34.90837563374816,2
-7.169110460578866,-6.45764311745879,65,37.4435369720422,1.1101761791323406,3
-9.81602660020856,5.084288048920681,69,6.892153936721879,-1.9306552262986143,0
-1.9941623558440904,9.52807207911053,66,7.7321065488787255,-0.20929315462301837,0
-2.152182137087703,8.321376532937668,19,10.42469660518095,-0.2586326363483954,0
-4.234115455565783,8.45199859895735,18,84.04396319804229,-0.5009596720107584,1
-8.492967804392402,-7.982491929056985,65,91.0686198255713,1.0639507711852376,3
-6.6295678216142075,-9.330191435385096,29,12.28107818457338,0.7105507934145096,3
-6.643801787509506,-6.0293050841697315,22,23.59060345950812,1.1019201572922177,3
-6.921249056015408,-6.599051914232121,54,16.552051036728976,1.0488263517600007,3
2.7049374866165206,0.030551525845307737,49,18.632087949412067,88.50793315451634,2
-1.9621002418827123,8.812093475764428,26,83.7490789002492,-0.22265969155707233,1
2.5420274754993897,2.817623538976588,58,33.214641265493896,0.9021852701337083,2
-6.965548702448147,-6.924776277087757,52,31.14442640456412,1.0058893576661683,3
-9.003689128321408,7.080027898732136,36,22.739562087711263,-1.2717006966775914,0
4.712661278145342,0.7267445093241753,65,60.78943937942587,6.484529807084028,2
-6.041759214814962,-6.407927130769847,33,37.93056983855488,0.9428585126051879,3
-7.755402300226434,8.841833236103996,20,74.42496518432888,-0.8771250624031327,1
-5.852950618716967,6.7812757134135655,37,20.55798083756375,-0.8631033798118363,0
-2.4449176039572875,7.936541350269016,41,78.77898887144924,-0.3080579329804771,1
-8.039998562906325,-6.937363220646322,50,60.3721531730139,1.158943231977638,3
6.441699719474019,1.361056624408405,41,11.426730005568775,4.732832033313533,2
-3.3559913411211553,7.499438903512457,69,41.450458420362764,-0.4474983941219116,0
-0.9231808069073981,7.776470629371472,28,86.3518140612957,-0.11871447392546434,1
5.260031191063653,4.788363402777831,66,92.29602317984849,1.098500628211702,2
-2.9698363940125376,10.071408354417237,25,46.57001223188132,-0.2948776715952816,1
-8.081571203025169,-7.217429944739092,53,48.08369780890735,1.1197313257233938,3
2.7192348074836765,4.605360956917279,55,91.84547249393012,0.5904485942439401,2
4.590748930904104,1.1580325272400844,57,58.706822413656724,3.9642317297664778,2
-3.038957826819789,9.527553561311677,37,3.2846670243438347,-0.3189648441874483,0
7.462915580940652,3.9912997531731986,52,91.27494628791288,1.8697911318477431,2
-5.682015059319688,-10.355616047108374,65,24.822644275715188,0.5486897660524942,3
4.920028982943719,0.8400952854107482,42,57.76319540915472,5.8564433153615925,2
-1.534077889634999,8.867228746696183,52,16.55133174279738,-0.1730051409979884,0
-4.116680857613978,9.198919986730626,42,3.3879160246594986,-0.44751735947031374,0
-8.251211892302752,4.610359306251893,46,31.14731711327574,-1.7897073627298563,0
5.074541121572721,5.08627088190889,35,78.04957075460877,0.9976918773051002,2
3.161289766724786,2.7292394572174987,63,27.75871726294181,1.1583000441255953,2
-5.51580932754027,6.40933040232616,35,22.009721408109705,-0.8605892309196751,0
-7.926552212472795,11.653527605300871,19,21.26807843412263,-0.680184205083547,0
-1.106403312116651,7.612435065406041,52,51.51736824068126,-0.1453413854038284,0
-3.7005011202553986,9.670839736832152,33,97.55413156827562,-0.38264487826356813,1
-5.5912690913195435,-8.11192795256922,58,45.89889880170131,0.689265981733539,3
-6.720063582175019,-7.720254571202954,53,55.73053688900479,0.8704469813354515,3
6.391551928717813,2.3548009488925516,50,86.06320178907339,2.7142526799120357,2
-7.980694755974865,8.70973413002499,21,53.506971893365865,-0.9162949722556277,1
-1.3460338708977906,9.024519189217909,50,18.44628714188561,-0.14915280816044896,0
-6.000459098492575,-6.976969489406246,31,29.959591176647706,0.860039263178125,3
-5.701508606761357,-7.269907253486293,38,30.99369262686109,0.7842626116933341,3
-10.716998544273519,7.035347804055473,65,39.73181154575979,-1.5233054014816128,0
-2.980235928671073,9.246336065555958,37,42.67889053367494,-0.32231498881194853,0
-2.4174368465172478,7.026717213597429,25,79.97820220742695,-0.3440345374215271,1
-5.075549229030689,-5.827274844585141,24,34.9386999049333,0.8710002658875258,3
-7.628149943986236,-4.583271968635803,20,46.82318284413793,1.6643495388627623,3
-5.641413743788908,-8.662782040920312,34,62.497598705105226,0.651225002475025,3
6.924564952132587,2.78153474946772,50,37.77259474401693,2.4894673916203147,2
-4.028567589006764,8.530052055332071,65,83.65648132923329,-0.47227881378524555,1
3.1217222733378502,-0.5091153238579222,29,58.74536042340743,-6.1317808458216785,2
-10.982605780607225,1.4808219485094885,68,29.404467922097155,-7.416510557907411,0
4.80397102813544,3.06181961978877,39,71.40591997898282,1.568987051757262,2
-9.335710009003105,10.53821406753869,39,52.764773014478585,-0.885890255243316,1
2.3670922429302728,4.02348108510752,63,53.44558912572469,0.5883180036590083,2
-8.747525469542971,-7.393847786435042,47,48.1087948387586,1.1830832271694471,3
-8.370755933054514,4.211731623091449,55,49.7011948821249,-1.987480876595255,0
-6.3617616137687385,7.366066068970826,55,76.53562810662406,-0.8636567901555205,1
-2.9013057761849077,7.550771180066203,62,10.298147933131553,-0.38423915446579926,0
4.534630269040131,-0.5182717163332553,68,33.43628113104822,-8.749691760223032,2
-1.6956804056830803,7.7834218117643665,25,7.550336380388922,-0.21785768112211412,0
-8.388958305132238,9.188704579244883,44,75.32462207474508,-0.9129632042419619,1
7.138090502921966,3.4947247814679274,44,27.230185472029945,2.0425271012765336,2
-8.661513984052316,10.278583077609227,51,89.74304098188843,-0.8426750547135154,1
-2.581207744633084,10.017819026090345,38,52.65784666592938,-0.25766138930007787,1
-8.881062345332882,5.829099557203056,47,80.0749771486121,-1.52357101169226,1
2.3387075801246677,3.8896849167884957,50,97.89314356159612,0.6012573299850489,2
-4.534340209710358,9.20074044296775,45,83.97888594565705,-0.4928228667669181,1
-9.930816653140976,8.107130926303796,64,86.69937600115234,-1.22494683926367,1
-5.968912883407152,-6.542679884512696,50,40.79844953648447,0.9123053720830854,3
-3.571501336778855,9.487878558833502,22,55.172259525933974,-0.3764274121299288,1
-8.084596111253752,-7.801466671400901,65,25.38885640433043,1.0362931503408592,3
3.702650969684583,2.0123062592569827,36,19.61130996934528,1.839994559827157,2
8.30850680565334,2.167001456903573,21,50.550787910603376,3.834085315601102,2
-1.2422864738661274,8.306616662579541,52,59.50489797004206,-0.14955366652777285,1
-10.248351468152828,7.211984760183291,66,33.9271245896191,-1.4210148244606282,0
-2.1850312705643082,8.884143073830638,34,56.94435177635003,-0.24594705341138098,1
-9.596583238610984,6.9163621952939796,61,88.7460482513503,-1.387516890016513,1
-3.3381926339748222,8.454105088001352,45,55.672158478336605,-0.39486008875282635,1
-8.540992842231788,6.649350973262624,47,72.08130963105066,-1.2844832573499168,1
-3.4076122944011082,9.506205299704828,46,80.53149673579051,-0.3584615103875163,1
-10.61331211224021,6.448606314851882,63,98.87287819554427,-1.6458278170150347,1
-2.5439093927579934,7.845608090578789,23,60.31974021769796,-0.3242458864793307,1
-8.22351436101781,8.954997340577297,52,80.6850148962586,-0.9183146421058845,1
-3.417221698573961,7.60198242686303,58,96.26493185548746,-0.44951658811163553,1
4.784060001639577,1.2797567508831684,54,94.44097255772735,3.738228078154157,2
4.912678218815844,2.3455005633912362,41,14.108184877771357,2.0945027046533062,2
-2.096266168777126,8.450561575394346,46,40.6392308273522,-0.24806205711349222,0
-7.265589252612129,-4.388012013002937,66,32.39900611067996,1.6557853052669658,3
-3.8868669910098412,8.0764610882832,63,8.692501495034932,-0.4812580827099903,0
-6.437219220503788,-7.352116168068779,48,63.324077491096055,0.8755612437238091,3
-7.7653080694952035,5.526586951916629,52,73.59046131960024,-1.405079497755339,1
-3.515215004552452,7.80009751541059,50,84.81280954668836,-0.4506623783848465,1
-3.9245683651031644,8.593640805432962,69,12.27768896627085,-0.45668231744092125,0
-8.868947454982,8.48210591470088,38,87.64440758752939,-1.0456055475038581,1
4.896176993420014,1.6971946794117132,49,64.29255636142533,2.884847686795874,2
-2.185113653657955,8.629203847782005,40,70.39461351385094,-0.2532227955179952,1
-8.770160820117558,5.78357645338142,50,91.06240035403039,-1.5163879524944277,1
-5.0009983560700615,-6.959009906563532,20,62.47612710432511,0.7186375087249622,3
2.5286112941513696,0.8064446525544191,35,33.58658571498351,3.1354661866505142,2
-3.227641844305186,8.800838976486475,42,82.51073314226598,-0.3667421010096396,1
-9.280835003807555,6.769896315720862,59,36.30592121950905,-1.3708956329655395,0
-1.3297575023314632,8.545110476093617,48,3.4228110820529123,-0.15561600401675774,0
5.147623447469723,1.35023781308953,20,83.06545065652497,3.8123545897040474,2
-6.412132356677644,7.606956742778513,57,34.51921448812756,-0.8429289325820761,0
-9.568970859260228,7.69288352722852,63,77.38345232013403,-1.2438714802683086,1
-3.3489194652335263,8.4148934827543,41,36.275789466594546,-0.39797479223580884,0
-1.6966718006585522,10.370526156769145,67,86.10680199747216,-0.16360502244149508,1
-0.7437433827716533,9.419267839159277,49,21.95105250809587,-0.0789597032247683,0
-9.080224053851573,8.162587803312759,64,97.45472651988699,-1.1124184080424004,1
-9.060779879333412,5.515707632569123,39,77.97587747880308,-1.6427200380656655,1
-1.4261463798774732,10.068088180233225,40,11.423792592039684,-0.14165002708033156,0
-7.691297953622394,-4.7189810737829685,19,56.57766199665605,1.6298675777761562,3
-2.9945611708818536,9.096160267584644,44,98.53673122417347,-0.32921120458280695,1
-4.523711330105003,6.112093069492026,59,47.10654526938144,-0.7401235350046161,0
-7.700361598265459,10.580316161755778,19,18.210713882158323,-0.7278000205796684,0
5.358348574847689,2.473662841871154,43,48.47783671503462,2.1661508685176356,2
-7.5003733312717165,-5.188892665053251,34,51.24576558819216,1.4454698275962545,3
-11.796150894184269,7.690242755057015,57,74.16869442286655,-1.533909387624128,1
-4.12094944280817,-7.315515865803538,50,69.88458531609044,0.5633170854351469,3
4.5458601903183435,3.4058831646925896,26,40.255004359698056,1.3347042818146193,2
-4.722403358931843,-6.111098159755535,60,21.802310749408647,0.7727598155155326,3
-7.314556320835028,-8.22371346682732,65,64.50541677693295,0.8894479659122438,3
-8.058612063397241,-7.149669373272376,56,42.17039345532818,1.1271323069631554,3
-7.600019234625615,11.4385138549221,46,13.22762111253304,-0.6644230786261165,0
4.094460517907318,1.8877512483591308,59,90.05723012363856,2.168950401681506,2
-6.808070747247061,-7.656433726522636,43,69.12218576096544,0.8891972271157365,3
3.15547160584023,1.7844893037912597,52,68.31838564454814,1.7682672103801158,2
0.5945488718157437,1.8917273841640136,67,82.25838759116739,0.3142872138557876,2
7.107330406480027,1.5996156246061646,42,52.966167865508105,4.443121126063409,2
-8.226893617026029,-6.421217897855086,41,81.5054428402457,1.2812065499038128,3
-5.298754312390079,-6.6429900676450675,30,49.809075351100574,0.7976471791926487,3
-5.175022093563444,-7.565005145775318,24,6.717539991571009,0.6840747408084514,3
-1.68713746305826,10.911079110852269,53,40.524808802768874,-0.15462594484543415,0
-8.303543128492205,7.96691852789073,62,49.74648939798906,-1.0422514899466024,0
4.235066433288044,0.505024110267271,37,72.02025816322958,8.385703751864977,2
2.304935075942246,2.8821846109591913,18,10.657873012867435,0.799715281951473,2
3.988134495079628,1.509411498737773,25,14.0018538660449,2.6421609195407876,2
-7.281605604302735,6.221151482841636,63,26.368380263461646,-1.170457578441883,0
-3.3346948198452617,8.692900286545328,33,26.64983933708822,-0.3836108633269367,0
-5.684107007814702,-7.472617493069522,31,73.21845784590624,0.7606591157218459,3
-2.978672008987702,9.556846171784287,29,25.073066056159774,-0.3116790663630525,0
-3.170984087821138,9.866719462994546,68,63.30980633574475,-0.32138147698424346,1
-1.2037188158984211,9.03528996983108,40,49.42738501382714,-0.13322400140755097,0
-6.754585866409019,-6.955221346755374,32,57.32943781794007,0.9711546536339334,3
-6.790202705013085,8.508576813901069,45,83.81069631782958,-0.7980411851612609,1
-2.9883718608980403,8.828627151534505,51,40.43815015490243,-0.33848620229891674,0
-1.031303578311234,8.496015909924674,19,77.09113770642705,-0.12138658582791183,1
-10.93214972199989,8.396828420553275,49,42.20360595506874,-1.301936416358904,0
-5.652542672739702,-3.9524067056688192,40,35.38713765612494,1.430155698852903,3
-3.3017183614854506,8.899549686731422,39,95.86271773132205,-0.3709979457082653,1
-0.62301172184222,9.18886394103016,68,18.437092067896323,-0.06780066043352147,0
-11.045060968983758,3.0177417295937374,42,9.033696057760787,-3.66002970379233,0
-9.208903074391428,7.06388151603185,39,77.09859255354785,-1.3036586212417571,1
3.3492587883021727,1.3963363675959939,39,6.824970535409158,2.3985873892223397,2
4.257413010096818,4.229159166814765,66,83.70789907030294,1.0066783432319701,2
-8.892936835655874,5.4569869973523115,69,43.71933963572435,-1.6296393126055688,0
-9.115239724603558,4.874926442919971,59,91.5513677291914,-1.8698171414812839,1
4.820322283795949,2.7448279350288556,23,72.15328611219056,1.756140944527304,2
-2.8244668676930957,9.773255348691588,32,61.04046670079576,-0.288999302374536,1
5.883987208003335,-1.343533279571096,60,94.93067970577657,-4.379520100226123,2
-12.068591388447029,9.653001624413045,54,39.66493730520543,-1.2502410499459917,0
2.1357709145460437,2.788209972510635,50,95.40869365396331,0.7659979971461515,2
-7.627395822860987,-7.546682136268252,25,13.500127742120693,1.0106965938277335,3
-4.858913961401828,-7.430770708718675,61,48.37549419324127,0.6538918627403459,3
-6.057912658601383,8.439143528202427,61,26.99112223921949,-0.7178341569870388,0
4.627919874253175,4.1930858922757706,22,53.98427789081934,1.103699985201485,2
3.7764220968714404,2.1561844059087742,56,16.20138778915846,1.75142931756183,2
-6.90885270186445,-4.309385162941711,21,84.15296603100434,1.6032144894872082,3
3.8444924086694403,0.7838604355472159,23,84.64078493145573,4.904499818245627,2
-3.2395642547698866,9.230744717780297,62,95.5236312723479,-0.3509533460497907,1
-2.5862993324668544,9.355438103014965,49,15.467214088323622,-0.27644847194795213,0
-6.7874409218789635,-8.41970026230223,69,62.33325509049907,0.8061390277346194,3
-7.383851371666299,-7.218251123908555,47,47.42373087003696,1.0229432966999679,3
2.2302093558417426,2.2783651377415666,64,34.43837320442332,0.9788595911612834,2
-1.6963355042137902,9.643914970121934,52,35.15401611342188,-0.17589679611457434,0
-2.7545857390556208,8.260549963840832,57,41.27935506067523,-0.33346235014494685,0
-6.6798845412956025,-6.289168076466168,69,70.4925549688953,1.0621269906208146,3
-5.754107851500259,11.335708691816949,33,59.82860582681546,-0.5076085608629337,1
-1.3510867495526824,9.805948822161257,30,45.96815127611311,-0.13778221732884044,0
-6.108359879310218,-5.285126557117029,67,7.593341036962209,1.1557663512802938,3
-9.878914048999558,-4.1309785061670565,59,7.776534407895708,2.3914280717104197,3
-11.532580335695403,5.3802948384774005,47,0.23393906257782593,-2.143480840196978,0
-1.6095977476194996,9.321585649074931,36,96.76993882070865,-0.17267405798482957,1
-10.869971394592804,7.446882615194647,34,0.5253818558384915,-1.459665387468285,0
2.8066871228901835,3.042667329199314,36,10.309374601374488,0.9224399498282548,2
-2.528213830955439,8.011756763560513,45,31.45965568094109,-0.3155625850785345,0
-2.186479062714661,8.187055184645999,43,80.74302518167612,-0.2670650609714429,1
6.893414414372144,2.084311854570395,54,96.20987857641177,3.3072696518805937,2
-7.0873133802919135,-6.861414736178186,43,79.00135587918561,1.0329245472027873,3
-2.412201658060032,9.609443153635235,40,69.05602324456406,-0.2510238220108812,1
-8.476284639228597,4.7298590195870105,26,52.13006674135694,-1.79207597591544,1
-5.452262604441701,-8.353238971440337,29,8.67052118621836,0.6527131751186241,3
-11.230093880706379,8.212728251938984,18,95.81707930039303,-1.3673994636386975,1
-2.7268788262799704,10.11306298018551,18,75.83924139456815,-0.26963899416356724,1
-8.069298010498839,-9.464177729600404,64,63.894938533426185,0.8526157017759807,3
-7.248961073094871,-6.61712920007922,51,75.90358455388498,1.095485943944925,3
3.6639149825453607,1.242481608293688,49,72.41033292731386,2.9488448518191683,2
-7.354137012617397,7.922108076311687,65,63.723157978948684,-0.9283043930646984,1
-1.9383071123595832,10.14985176837892,42,98.05768001799882,-0.19096881874768223,1
-2.7326604083786012,9.728286622290414,57,90.33638126360249,-0.280898138130088,1
-6.4669194473100164,8.761429536828837,62,64.66649191171634,-0.7381115192459217,1
-5.895987101648793,6.904875561194971,18,69.31752114569247,-0.8538862881064787,1
3.5053527183016464,-0.16021088045577914,33,5.159580665870999,-21.88098285308265,0
-8.038951853130728,6.0208091279150455,56,66.99174645500392,-1.33519238534484,1
-5.777647263948495,-8.76471031762376,22,4.4165437710100175,0.6591950728002645,3
-6.258822248470519,8.66988561803862,39,58.826375696993104,-0.7219028376129913,1
-8.499606108563855,4.496093921688743,46,99.93534995658348,-1.8904380896452657,1
-10.057352160954576,6.9495803095278115,20,55.58065814371796,-1.4471863394833588,1
-6.150151379491423,-6.656178645488317,29,47.32101180813334,0.9239776975392769,3
-9.291295954335673,5.404644442051744,43,31.285485650558755,-1.7191285870273814,0
-7.236703395183261,-5.229261417302004,33,12.052257878646444,1.3838889771563112,3
-2.6248459054409907,8.713182432609033,68,73.10236714582817,-0.30124961955591983,1
-0.19453905637924152,7.147020935606573,54,19.259902778563042,-0.027219562659236043,0
-3.3314180186191815,9.257973339690233,39,11.528202124728438,-0.35984273209230566,0
-11.582130042498722,4.096400119745221,46,42.17626597305125,-2.8273853701003655,0
-8.791219671389273,-6.351539907723468,31,79.53418379590974,1.3841105684945512,3
6.509006624974544,-1.1369156646714922,45,74.50645481202204,-5.72519499835135,2
-11.178161428056587,1.5789984889354045,22,5.4882614646474925,-7.079228203258806,0
4.682356400423793,2.01780389318435,64,45.51436850361561,2.320509545622406,2
-6.729357787973782,-7.3953962426262505,66,52.243457607116895,0.9099400041050528,3
-2.4846874487938075,9.512284419443771,47,64.45466506258222,-0.2612080050544839,1
3.0182838448282556,2.8970730943571277,63,65.01673504432281,1.0418354415540239,2
4.227301290500636,-1.479712063162645,69,36.46972494573058,-2.8568597663947313,2
-4.725913496755366,5.117106184055337,22,56.0677194003514,-0.9235501651264169,1
4.933646718874623,0.505610517518184,29,48.10618838440865,9.75760782630264,2
4.136201787292909,4.476701971874821,33,88.4998356523281,0.9239374374046879,2
4.279390738990899,1.4109384726163356,43,53.02651326349002,3.0329886753805986,2
-5.143253729926791,-6.644243861462057,43,44.10321617481616,0.7740928205069264,3
-2.31013792747928,8.414069251039527,65,40.448544968185075,-0.2745562358702376,0
-10.176473233955843,9.403332290290855,38,57.24277594334657,-1.0822187388055906,1
-10.174508663922108,9.307607614571749,56,80.39769794008976,-1.0931378023086358,1
-2.8519121395795195,8.212008858976702,53,53.840149038078756,-0.34728514249112374,0
-8.067180955035674,-5.751184167690088,50,66.16551750805415,1.4027015562068765,3
3.9508374869177354,0.6984031297435442,47,73.7855766906525,5.656877453561726,2
-10.309387641815544,9.795709265919578,54,52.016810987873185,-1.0524380458393776,1
-7.059693895590302,-6.729417849110096,40,42.68170566548643,1.0490809970039017,3
-2.9557125751197715,9.870684922521793,27,87.66653778624494,-0.2994432102623062,1
-6.178913368760114,-7.311260102220418,22,41.75060840278921,0.8451240598216692,3
-6.8451334036294895,-5.345967358147188,53,46.19428505755876,1.280431725329341,3
3.830239315764059,0.8057125958372631,51,99.03413133417772,4.753794091853516,2
6.363788825656615,0.9184050462519009,69,0.02375235758845795,6.9290990512705175,2
-6.587066334625831,-7.557003950160021,48,18.547290957672246,0.871651661767752,3
-4.715320603363215,9.740255376684988,27,38.39638899197257,-0.48410596847290743,0
-6.445064783344709,6.103957106859939,36,93.25899094252529,-1.0558813097307533,1
-9.803814801000076,5.416865698981279,49,7.002970574747103,-1.8098651964348795,0
5.029462588810324,0.6166947462841192,18,0.9485433628498074,8.155381678371619,2
-2.773854456290706,11.73445529478794,22,5.268383597722859,-0.23638524522483015,0
4.667529735826191,2.494542241983239,62,8.854341061361815,1.8710891907861487,2
6.025919365038453,1.6958164792762485,21,3.759677320626087,3.553382046263494,2
-8.220661731438083,10.72795280476918,33,47.97813268565048,-0.7662835788154988,1
-3.8294308300733926,10.845744894052675,41,58.07572072273277,-0.35308107803296207,1
-7.144784199746867,-6.847846586482509,33,27.168697106900407,1.0433637119569303,3
-0.6434231119079936,9.488119049110109,19,39.828738397563555,-0.0678134865765069,0
-7.784384697791282,-7.216919685516076,66,9.169933511143014,1.0786313030096657,3
-6.421304648473406,-6.364059616646663,45,33.63704638284221,1.00899663504775,3
3.855794305449542,3.546683522696066,49,52.25191916345231,1.087151816410263,2
-6.9939818300156125,-6.54528376235154,44,73.22718071846451,1.0685545148997502,3
-2.949242109749734,9.145026705484414,37,0.3346362042979223,-0.3224964759278692,0
-2.617957771509608,9.415997850297263,41,46.73107665376526,-0.2780326666175155,0
-4.796470627352971,-6.642616653120769,29,29.70028764548822,0.7220765699109304,3
-6.655707515447473,8.541799157313058,67,85.28218216919014,-0.7791917839500311,1
-6.666536624972855,8.272919381258609,52,71.55533152342419,-0.8058253996553076,1
3.84412711481231,1.109442322973712,50,58.91085344708949,3.4648871656861586,2
-6.559166872108159,-5.812552638527822,50,27.726564569677357,1.1284505387765102,3
-10.307510910232109,5.703018041469941,68,91.03391020575343,-1.8073751058701395,1
-6.227307005637951,-7.324846791779274,60,4.510067722032318,0.850163243586111,3
-10.88670140529442,11.03170804816708,54,10.946759867911515,-0.9868545731281854,0
-1.651537999850731,8.854347598234895,29,39.16301405403561,-0.18652262250848814,0
-3.8473082801029244,-7.517152120780331,20,12.443755729685634,0.5118046484005476,3
0.6634241236385834,3.6104299618244244,18,95.6415697559425,0.1837516010938851,1
-12.825799041778922,8.071636055193848,50,79.79893221433834,-1.5889942341470644,1
-6.536588722281384,-6.478761445291517,57,25.898265160181367,1.008927225790071,3
4.098429587499481,3.7121643889871043,27,58.85542289732454,1.1040509302737176,2
3.479195037572742,0.10618762897360634,60,98.23305150800816,32.761513333197286,2
-7.8111275434965775,6.258121236174881,61,88.4198978131503,-1.2481565580383907,1
-3.4286218572865534,10.564220533215861,46,60.079844644219804,-0.32455007929885127,1
-6.987310024295942,-5.15196893473658,30,90.37239671752705,1.3562433460376957,3
-6.927816731924482,-8.597039715817605,29,98.91849098133589,0.8058384070928647,3
-6.234845177838414,10.446545308952409,48,74.33528228936241,-0.5968326394151501,1
4.236545800395856,0.3133808208282265,63,6.4986409482894025,13.518410619684232,2
-5.221036401906238,-6.101657728168376,19,40.15802364254875,0.8556764720787176,3
-5.776826091948616,9.761046618893337,68,83.78257352832455,-0.5918238483287853,1
3.9084695001193612,1.3243324022113008,67,23.0569195805019,2.9512530094885228,2
5.059831775707832,0.28493611299316735,52,83.06425177506246,17.757153177341852,2
8.499918541102891,2.0619973349624643,40,12.033876203499593,4.122157277029094,2
-6.099385777600877,-6.999120629811206,34,4.694535714781301,0.8714515458038132,3
-6.956593207062861,-6.48559470091177,43,38.40906114912496,1.0726239079238105,3
-7.176240050175986,-7.698490690873305,25,3.6731937426613626,0.9321631550863737,3
-7.705407605364538,-4.177186626862776,46,95.72702629833256,1.8446449105867957,3
-5.128942727142494,9.836188632573545,43,82.62056957939659,-0.5214354567990822,1
-9.178697001685867,6.4170668168441525,27,80.07696871298751,-1.4303548583979473,1
-6.089374063943874,-4.467864146756327,43,62.97779229961531,1.3629303607336363,3
-2.409546257965109,8.510810474082122,51,21.63240230365535,-0.2831156250214495,0
-8.724301506841842,7.860707473225217,68,51.82603666763922,-1.1098607139307732,0
-9.999374656245456,8.500679724339923,58,59.7274072430341,-1.1763015685203009,1
3.7747218403756024,3.106256522679366,24,52.50315008602682,1.2151957382973204,2
-2.065378194906522,9.788920181627658,21,26.02333679515273,-0.21099120706601063,0
-6.400559444024935,-6.103474465632657,67,51.52479243147259,1.0486764492633909,3
-2.281737688448621,10.321428882480749,62,49.118634086862656,-0.22106779049203723,0
-9.72489225901903,5.5539174874449015,28,99.63357758067242,-1.7509937392958281,1
3.869078460223061,0.38434940110730453,46,89.74361480462039,10.06630369668752,2
4.125847445107578,1.4160083849470448,53,46.33807482156199,2.9136962407884788,2
5.707301153361437,0.28620654618392827,42,62.29373829351187,19.940500398931565,2
-3.5800901211138623,9.496758543441507,38,74.78716040922285,-0.37697982263517227,1
-9.20412063884569,10.073275753795073,53,3.486516023382491,-0.9137158285595216,0
4.271264240099185,1.5640843293192264,27,89.49214412278398,2.7308226620566147,2
-10.125364217396296,9.179203171661177,54,86.01268164179238,-1.10307539742689,1
4.993300673390951,3.1294674747711824,26,45.74320977737073,1.5955700955336147,2
-6.351609851087272,-7.48257466249908,41,39.11697660803798,0.8488546558000496,3
-6.899334666438572,-5.454037665138246,52,27.295937485631494,1.2649981059939657,3
-3.7094940301085266,8.679784892357373,66,47.66768283303684,-0.427371162119829,0
6.047304545192098,1.1991025916146711,52,4.437666353323677,5.04314989891739,2
-9.770400760372494,4.134116780965112,65,85.21935333470077,-2.3633529589268174,1
3.215780502980187,5.921742781196818,53,3.542236841854507,0.5430453823049095,0
-2.2587047727068734,9.360734337695297,35,32.9051365369871,-0.24129542387042566,0
-4.059861054118883,9.08284910300435,66,93.158948831899,-0.4469805166058337,1
4.937005977379884,1.7566290660548183,56,73.52126545234528,2.8104839934294263,2
-2.1982900574547455,10.489642345147873,49,28.139096057752678,-0.20956748470997646,0
5.130269896874346,1.6445188907274355,41,25.26490939608851,3.119598521984639,2
5.146282829340905,1.3553542347570309,40,0.5082139818025966,3.7969740512323993,2
-7.8784538788763445,-6.314410925612262,49,69.57142928497501,1.247696174457346,3
-3.3987120526782735,8.198475843232883,54,4.878358167317309,-0.4145536282755927,0
-9.01489185333852,12.48294159080734,29,53.26025194007621,-0.7221763048394133,1
-1.6837812740647204,9.82779576419896,66,96.21219725920498,-0.17132830201004295,1
0.9324120860371674,0.7778268007350169,30,10.94688600544539,1.198724571987446,2
-7.644491743919091,-5.4532897559468845,40,89.44799309680674,1.4018154369547347,3
1.5826920334613206,0.461040217564626,42,99.14753351450481,3.4327974983321043,2
-6.903192549863287,-6.217121647975369,52,6.151702623923505,1.1103536402006458,3
-7.264043960984454,-6.371110457593647,58,88.29062691374612,1.1401553011656749,3
-7.190477766136114,-7.11572941217792,47,51.607902044361666,1.0105060851374004,3
-5.780033981508293,-6.464323422198356,34,90.651371944458,0.8941450706365416,3
-5.805395327117991,-6.1179034312575835,66,57.131894191957414,0.9489206362204717,3
-6.910569523046191,11.744568918681406,37,66.21120101065647,-0.5884050480561681,1
-2.2282057553177177,8.391586608377727,65,54.37789079973992,-0.265528225355017,0
-5.54980781106625,-8.127996705826584,42,86.44928803073485,0.6828022746503565,3
-5.552996071601689,-5.455673226603491,39,73.39099189537018,1.0178406989133004,3
3.8225002060146767,2.571873855468838,30,52.12603121804149,1.4862647074386877,2
-11.326054227418581,5.9377125199068885,36,86.8160804051547,-1.9074744886522905,1
-5.895048573714433,-6.271380755947189,66,24.528553225533457,0.9399936318745169,3
-6.7808864040207615,-5.601533143197525,53,15.734065970252598,1.2105433166433404,3
1.5387156861682865,1.8394896246715493,29,16.04001053300721,0.8364860016989842,2
3.7512879498697975,0.677183529421008,58,33.40088787452379,5.539462187533159,2
-0.36525353372742453,9.648205150516333,36,23.869003130101753,-0.03785710911596718,0
-10.27197239784162,3.5904496813525832,29,93.00903505097386,-2.8609073237029095,1
6.408824612323841,2.0744474060558953,26,10.583409382858399,3.0893980245700727,2
5.2843061649269805,2.284701214685399,24,69.89907380395877,2.3128989479988267,2
-6.144298505076186,-8.144208269084334,45,18.92215397850059,0.7544387184678646,3
-6.613066665190814,-7.454607939272119,31,88.16371327703501,0.8871124531548547,3
-5.4455712364414595,-8.707933879016476,48,96.13152881849074,0.6253581579374708,3
1.9717984628716834,4.2172361511745065,69,46.547000876998354,0.46755593394104733,2
-7.760815771743272,5.48217572933997,36,87.90714802281316,-1.4156426204621926,1
2.101181891655872,4.2674951631316524,64,0.5145170754714767,0.4923677444631251,0
-10.835098635012594,7.927106715137635,33,81.99469174081001,-1.3668398012005896,1
-7.9652081483206745,9.131392597671093,22,22.86251615249235,-0.8722874786346789,0
-8.725027906841795,8.382908424212165,52,90.87013092693678,-1.0408103079759818,1
-2.7173198734100255,8.521285193539489,29,0.11201114801094869,-0.31888578105710863,0
-6.170841394320499,-5.549665296576458,42,55.6181735039757,1.1119323749940373,3
-8.35054598675408,-8.63735944952773,69,75.66358037849346,0.9667949682423312,3
-8.547114151267586,-8.854588089624217,38,25.868833069790796,0.9652762745729333,3
-2.1674416472755906,10.890456967414208,53,19.313286458729305,-0.1990219201583254,0
-7.856377853359508,8.793278487598338,40,8.409822446798465,-0.8934516210220776,0
-0.9299848075453587,9.78172085735123,33,32.6433576503293,-0.09507364505397842,0
-0.38704142604011693,10.046751388749469,56,55.98443123088295,-0.03852399903450802,0
-8.70937892701577,3.3725897827909606,62,11.584385678025766,-2.5823932538501237,0
3.0384481921542097,1.7596004564087917,59,37.66953619867988,1.726773207722016,2
-7.44555286172258,9.234133332639725,56,0.9072404652724964,-0.8063068325358289,0
-2.5040841664102893,8.779698994823175,31,81.86794204998418,-0.28521266113566923,1
-7.393565040980468,6.577856611315169,48,12.844871809319136,-1.1240065324921829,0
6.029145157525564,4.837294644645928,22,28.33429482655816,1.2463852497276144,2
-6.725901893258323,-7.697371582245804,52,1.842771873821747,0.8737931590444987,3
-7.905467791768958,7.252239950903736,40,43.22407838925123,-1.0900710600554828,0
5.196597646285064,1.067191903867001,46,84.01215027412188,4.869366918720082,2
5.589051635387529,5.379208970647326,60,39.21512114451966,1.0390080169417144,2
-8.781965441897754,7.305284922210296,28,17.94973234238334,-1.202137016425981,0
-10.136882846768025,4.87564238197419,35,75.36988340505192,-2.079082357110849,1
4.769763517437451,1.7396538308526128,64,78.88069818707443,2.741773113199566,2
-11.257717242318225,8.523380375491111,29,17.37534753075668,-1.3208027259539388,0
-2.52771075904514,8.725627489278184,26,77.08541085409898,-0.28968780357321966,1
5.94656589137564,1.4841343856889702,27,94.7297888256338,4.006730038341331,2
-2.216125149754069,8.299934710171954,61,16.637758693227234,-0.26700480872337723,0
4.402866988359618,1.332848079019602,34,77.09842925321355,3.303327681817552,2
5.722386932292954,0.2795920271148882,55,70.85720046026293,20.466185425549977,2
-10.04275187735957,8.261071427648751,24,47.35738884350885,-1.2156703653528707,1
-1.593795505350676,9.343037237858006,63,5.79204605587983,-0.17058626214503342,0
-6.7852649627719615,-9.277950414714475,30,7.469441775785402,0.7313331040594719,3
-9.991348558089449,2.1414383312088834,57,85.24146591986477,-4.665696768153713,1
-5.69844031297937,-7.136896206346558,59,99.0148372750647,0.7984490922542616,3
-3.2683302846064484,9.16467991467453,26,67.60522571867544,-0.3566220259534573,1
5.215977009637062,1.9241275617995923,67,44.59583070103215,2.7108129445582385,2
-1.8272446517577863,8.704019371604865,44,64.75736434019076,-0.20993089220479913,1
5.231557049795547,1.3416929627103376,19,59.43958592285453,3.899191695326826,2
-5.781390903810947,8.33919442807795,22,38.36122604056218,-0.6932784720260734,0
-6.663754209767096,-5.209706849662427,46,6.562614457401295,1.2791059445616086,3
-9.172571184208833,7.888682816475303,54,82.15129474074409,-1.162749190214656,1
4.479333296296264,0.4203062003116709,55,37.18335292387246,10.657056028234862,2
-7.415347528611904,-6.647201601797978,36,81.87856433570937,1.1155609726378506,3
5.252257969799809,-0.5807057224160284,25,25.25087496883822,-9.044767796717002,2
-6.650308309527386,-6.824385735488568,65,0.10294798456333965,0.9744932822124688,3
3.018294025615708,3.552898963940087,62,15.893828327675653,0.8495275438379077,2
3.352342165956281,3.023634503054219,18,46.85394167685843,1.108709096777098,2
-4.966221115281304,-7.89646321125794,39,94.43036349578298,0.6289179435902923,3
3.1924936453579447,3.002246873938391,69,10.2193619693719,1.063364588510376,2
-7.000174790660473,6.742973827121401,34,85.4209774461566,-1.0381420110344337,1
-8.534810264768703,-7.757225641206249,24,52.702409621186206,1.1002414602775614,3
-9.942044048420904,12.439921486835207,42,82.59207657998967,-0.7992040839567534,1
3.722602131740179,-0.1368219613316013,62,29.837443098999263,-27.20962476897347,0
3.6621246745248626,2.044267690915353,21,83.99471646724719,1.791402748657447,2
-6.195906454872626,-6.342859321255169,53,77.28227800168045,0.9768333033089511,3
-8.191992328266448,7.028317742901366,23,23.005368303143392,-1.165567774858022,0
-11.681949090119698,10.326190219409677,48,13.133512640937806,-1.1312921347546296,0
-13.686808277181893,9.091613708220802,36,86.80543225322928,-1.5054305717477119,1
-8.67466903954088,7.125743609116418,61,96.3236653440132,-1.2173686483409754,1
3.6994282495464503,4.691842520936126,56,3.130231374751624,0.7884792271365629,2
-10.065133083717889,6.718583542522446,44,73.12700669736856,-1.498101205261929,1
-4.222332152143627,10.368158502363734,27,90.95245109478184,-0.4072399239249459,1
4.956405037032029,1.8281000161351435,43,85.73600920924986,2.711218139655784,2
-0.8767863191211149,7.584144750237689,36,96.45204722702086,-0.11560765147805513,1
-5.078715442390097,-5.859843502739755,56,76.00940784380971,0.8666996152732926,3
-10.41030667765191,4.661057008383147,20,44.22987623809102,-2.2334599907979196,1
3.3264514561509655,-0.10102991250577187,62,31.195199049513043,-32.92867092872314,0
-8.195157295425512,-8.6081706523891,30,32.07427404381274,0.9520218809056538,3
-7.6613287954886085,-7.460772594141132,67,72.4422672614117,1.0268828016997857,3
-1.9941499367467022,12.867017618853042,45,74.58370120309642,-0.1549813986429027,1
-10.40812438280049,8.620083783186422,37,20.035914354871267,-1.207425887071164,0
-1.885077806000595,9.642631637462602,45,86.8122813490531,-0.1954939192883498,1
5.434585103101026,4.1355226149275826,25,71.49240402022477,1.3141197541241472,2
-6.9392194857533624,4.353726978598896,58,56.27502863433826,-1.5938536296206203,1
-6.935931885806291,-6.307660600608201,56,47.15324601025127,1.0996062282107872,3
-1.8229374326782368,7.40157025700867,18,54.32328057899581,-0.2462903014463796,1
-4.909208998987627,-5.6683290860647855,20,15.924573827926448,0.8660784483810405,3
-11.675059222502075,3.8019052915371514,30,20.37012492762742,-3.0708362304889056,0
-2.300334028047995,7.054616004318546,45,9.116449040619168,-0.32607455400751606,0
-6.286790967611983,-6.567301074287258,66,15.365803816111267,0.9572883090604116,3
-9.188247270026828,5.8120325965130135,42,45.36936346052827,-1.5808981296075495,0
-6.006471738786894,-6.8177745303071875,50,53.03543937282561,0.8810031077028501,3
5.023923437698915,3.447206159859003,55,1.7861892478319374,1.457385671429552,2
3.4949901014143263,-0.7341534670560463,23,79.67978278640275,-4.760636385459397,2
-5.3844000541692,6.524250544269498,61,29.416797334347788,-0.8252889377476686,0
-10.001689584533297,5.294009454112969,62,91.18360349599111,-1.8892430734766,1
-7.482476013957472,6.347700099207298,49,96.75112636137777,-1.1787677598716872,1
-9.953311326651678,4.5839169563405475,62,18.545887467665434,-2.1713503337753077,0
-7.086779951080254,-5.81971766829194,64,46.20972907656606,1.217720950090298,3
-5.750464963121823,7.989898486864032,38,0.12318351664258875,-0.7197159983216316,0
2.6831745854708213,2.9776785071857894,33,59.832726512242694,0.9010931059430011,2
-7.422394774250162,-9.788764785230695,38,60.730644826267124,0.758257300044853,3
-3.317691225945938,8.512529084613785,28,24.753995560337515,-0.3897416731915613,0
-5.493182982960604,8.161560934230794,54,55.841267258319796,-0.6730546150032722,1
4.667506405012429,4.487825652353656,53,22.554014244373544,1.0400350562223786,2
3.6459431978093315,2.829067686830471,52,16.082546907819008,1.2887391586245296,2
4.528228692578032,2.904177830266749,36,65.15194668022647,1.5592065517890814,2
3.5491730724907984,1.6018917306134748,37,32.59254639520749,2.2155997491379096,2
-8.893357566737283,10.86802610883819,35,59.02639388856225,-0.8183040135011105,1
-6.5803667706983635,-4.987165657559777,64,43.32467489716556,1.3194628807551891,3
-8.415992469556343,-5.833160799339773,58,98.4351407402904,1.4427867132303367,3
-7.364639962451143,6.760867801262276,66,14.958064266756576,-1.0893023330603822,0
5.607942760605823,4.026117020239255,31,46.459859663581014,1.3928876889414603,2
-1.5551958595595479,9.66567737950412,32,68.04566263593253,-0.16089863022647588,1
4.448002449006951,0.5398590230400933,48,39.55450838799687,8.23903995076343,2
-6.1131509247162485,-8.251715488552527,18,97.46998518706899,0.7408348411364093,3
-6.16274710733144,-6.038702302502869,20,72.18876279269351,1.020543322728524,3
-1.9872560574358524,9.311270801431508,33,65.69838575644931,-0.21342456530044004,1
-6.610930230273676,-5.2431410773073335,40,75.70592676112233,1.2608744913676257,3
-7.415047311009006,-9.147558470410583,28,95.2648638038717,0.8106048669754886,3
-2.4333930648590236,8.33712441668621,29,90.78186529846401,-0.29187403527868666,1
3.973438946113934,2.5391204235080105,27,72.42853081264118,1.564881783671558,2
-6.468356775498025,-6.332005730291406,49,74.9161639101283,1.0215352396013608,3
-6.252224605508671,-7.5685495980022415,33,14.592207403514546,0.8260807153812052,3
-1.0435488541311961,8.788509827711787,25,10.279240449266569,-0.11874000111380514,0
-8.911175368185733,-6.998117145429647,55,57.09045018441643,1.273369381605636,3
5.893417004325814,0.27860940195430484,29,1.836763694054,21.152213244978423,2
-4.389314144000952,-7.707134974983428,41,48.23563815515916,0.5695138145869225,3
5.361392683833171,2.308995720359429,45,21.03495799188686,2.3219486364020767,2
-9.568233215721781,5.64510358082069,25,34.601656764483955,-1.6949584944100888,0
-7.542294844288436,-6.120591411969333,45,77.5804735792956,1.2322840489530646,3
-1.9898511088115778,10.5470250412009,53,94.12375042323865,-0.18866450154365,1
8.480005643631294,1.8290798343537573,43,7.24162721463415,4.636188712200348,2
-10.24231113224952,5.997721080396807,25,53.42422059764451,-1.7076976268118869,1
-7.500760749994676,-6.611564051309268,67,88.25334858196,1.1344928426485934,3
-8.599167019807703,5.377385033735592,45,8.250853444042129,-1.5991324732254228,0
-10.594292930149132,5.669762207418983,45,82.45140468968339,-1.8685570676519139,1
3.8094048782073284,0.17635284505745918,54,35.78013509282714,21.599815295371428,2
-5.835545914324765,-6.285291327708821,58,32.209470221933536,0.9284462556351477,3
-2.45098890460675,7.871315830367698,53,97.74663863147858,-0.31138196504975013,1
-3.2112507169301026,8.686623981600553,44,20.085908986229416,-0.3696772217791102,0
4.281456765928487,0.6118241908783353,34,69.31939408226809,6.99774028610942,2
-9.582741308778116,9.501020154907074,26,82.14407280098665,-1.0086002415042163,1
-3.2924509153889874,8.692224611992646,50,4.118349527927167,-0.37878072352607745,0
-5.431816431341242,-7.86043239846063,37,67.03854583544123,0.6910336564616424,3
-3.348415146275389,8.705073752347108,30,95.15499743553269,-0.3846505377243008,1
-1.7181656760097033,8.104898673403582,45,12.421996672805935,-0.2119907509442886,0
-6.445184753307028,7.006463769444763,65,89.62213026850382,-0.9198899425577647,1
4.587396100482659,4.629370637393997,46,59.47766373769361,0.9909308522673193,2
-11.963419470409097,6.265417560806114,30,61.6604581862474,-1.9094338501728485,1
-10.275142287774406,9.113371669387586,63,61.29441748656059,-1.1274785431503704,1
-7.721673931592566,7.4755336983235265,52,29.883588633731385,-1.0329247267090735,0
-7.331644514426945,8.085839685264258,23,93.52018152994597,-0.9067253040565688,1
-1.3506020440453461,8.19360380984661,35,94.73504626310387,-0.1648359411841294,1
2.8649910672294387,-1.085678582699419,68,62.53046602139478,-2.638918646891201,2
-9.966822953950787,7.6926255218927775,22,78.34227259416147,-1.2956317669784054,1
5.379855687549435,2.250423869483043,64,61.2257985881158,2.3905859934401295,2
-8.81762251694925,4.699850450798384,42,48.43984475740406,-1.8761456024617424,1
4.2357685845612645,3.0494830676346756,19,66.08201182992507,1.389007448325409,2
